Date,Average daily minimum temperature,Average daily maximum temperature,Average temperature,Total precipitation,Maximum daily precipitation,Sunlight hours ,Total snowfall,Average wind speed,Average humidity,Average cloud cover
1959/12,2.7,12.3,7,176.3,51.2,159.9,0,3.1,64,4.8
1960/1,0,10.6,5,31.2,24.8,208.9,0,3.5,51,3.4
1960/2,1.6,12.7,6.6,8.8,4.4,207.3,0,3.6,54,4.2
1960/3,5.1,14.6,9.5,71.2,19.7,209,0,4.7,55,6
1960/4,8.9,17.2,12.8,164.8,40.1,154.6,0,4.4,63,7
1960/5,14.3,22.3,17.8,124.8,26.6,186.9,0,3.7,74,7.1
1960/6,18.2,25.3,21.5,83,38.2,155.4,0,3.7,75,8.6
1960/7,22.6,29.8,25.8,31.6,19.1,181.3,0,3.4,76,7.8
1960/8,23.4,30.4,26.4,215,52.8,218.5,0,4.3,78,6.7
1960/9,20.8,27.8,23.6,177.1,83.9,147.9,0,3.1,78,7.2
1960/10,13.5,21.1,16.8,182,69.5,134.4,0,3.6,72,7.2
1960/11,8.7,16.5,12.3,123.1,30.2,134.1,0,2.8,72,6.1
1960/12,2.3,12.4,6.7,69.3,34.9,183.9,0,2.7,60,3.6
1961/1,-0.7,8.9,3.6,39,20.2,183.6,0,2.9,54,3.6
1961/2,-0.5,10.2,4.5,43.5,20.8,197.9,0,3.2,49,3.7
1961/3,3.9,13.4,8.2,106.6,30.8,181.1,4,3.5,61,6.3
1961/4,10.5,20.1,14.9,183.1,52.5,205.8,0,3.9,63,6.3
1961/5,15.8,24.2,19.8,55.5,19.9,191.2,0,4,69,7.5
1961/6,19.2,26.8,22.6,305.5,69.6,166.4,0,3.4,75,7.9
1961/7,23.9,31.9,27.4,29.5,19.6,217.2,0,3.2,74,7.4
1961/8,23.7,31.2,26.8,30.9,7.3,172.2,0,3.1,77,7.1
1961/9,21.8,29.8,25.3,37,14,181.1,0,3.5,72,5.9
1961/10,15.9,21.8,18.3,338.4,161.2,82.3,0,3.3,78,8.5
1961/11,8.6,17.8,12.7,50.7,19.1,161,0,3,63,5.9
1961/12,2.8,12.7,7.2,40.5,23.2,202.6,0,2.5,58,2.9
1962/1,-0.5,9.8,4.5,40.5,23.3,210.7,0,2.6,52,3.8
1962/2,0.8,11.7,5.9,13.5,12.7,195,0,3,48,4.1
1962/3,3.3,13.7,8.2,65.5,15.9,189.8,0,3.3,58,4.7
1962/4,9.7,19.2,14.1,124.2,35,202.6,0,3.7,61,6.2
1962/5,14.5,22.9,18.4,211.5,51.5,177,0,3.2,70,7.2
1962/6,17.8,24.7,20.9,244.5,53.4,111.8,0,3.1,76,8.8
1962/7,22.3,28.8,25.1,166.9,50.1,135.9,0,3,81,7.8
1962/8,24.4,32.9,28.1,50.1,20.4,270.5,0,4.1,71,5.3
1962/9,21.1,29.2,24.5,4.9,1.7,168.7,0,3.1,70,6.9
1962/10,13.3,20.9,16.7,119.8,35.5,135.9,0,2.6,70,6.6
1962/11,7.9,15.4,11.3,151.8,55.3,117.6,0,2.4,71,6.2
1962/12,2.5,12.3,7,62.8,41.7,175.8,0,2.5,62,3.6
1963/1,-2.6,9.3,3.2,0.2,0.2,231.1,0,2.6,46,2
1963/2,0.2,10.3,4.8,21.3,10.5,199.9,0,3.1,48,4.9
1963/3,3.2,12.6,7.6,86.7,25.2,198.8,8,3.7,59,5.5
1963/4,9.7,19.1,13.9,76.1,30.5,193.6,0,3.7,68,6.7
1963/5,15.2,22.7,18.4,135.1,28.9,102.9,0,3.2,74,8.6
1963/6,18.6,25.9,21.8,248.2,113.4,119.4,0,2.8,78,8.4
1963/7,22.6,30.1,25.7,65.9,21.9,151.9,0,2.9,76,7.9
1963/8,23.6,30.9,26.6,382.2,154.5,166.2,0,2.9,77,7.6
1963/9,18.2,25.3,21.4,144.2,66.5,123.1,0,2.3,73,8.3
1963/10,13,20.4,16.3,294.7,98.8,135.3,0,2.9,74,6.9
1963/11,8.5,16.7,12.1,90.6,43.9,164.2,0,2.3,65,6
1963/12,3.5,13.1,8.1,29.8,10.9,184.6,0,2.4,59,3.8
1964/1,1.6,9.7,5.4,144.6,40.4,124.6,0,2.8,60,6.6
1964/2,0.7,8.3,4.2,64,18.6,151,10,3.5,56,6.3
1964/3,3.1,12.7,7.6,99.7,29.7,199,0,3.2,57,5.9
1964/4,11.1,19.5,15.3,94.2,27.9,128.4,0,3.2,75,8.7
1964/5,14.4,23.9,18.9,80.4,28.4,209.5,0,3.1,67,7.1
1964/6,18,25.3,21.5,139.9,38.6,125.2,0,2.8,73,8.6
1964/7,22.1,29.6,25.5,45.9,18.5,153.6,0,2.4,80,7.8
1964/8,24.3,32.2,27.8,110.8,61.9,184.3,0,2.8,77,7.2
1964/9,19.1,25.9,22.3,132.4,49,89,0,2.8,77,8.7
1964/10,12.6,19.6,15.9,130.5,38,143.9,0,3.9,73,7.2
1964/11,6.7,15.6,11.1,50.3,16,170.6,0,3.6,62,4.8
1964/12,3.5,11.6,7.5,47.5,20.5,164.1,0,3.5,60,5
1965/1,0.6,8.7,4.4,48,22.5,175.4,11,3.8,57,4.5
1965/2,0.3,9.2,4.7,10.5,6,193.4,0,3.9,51,4.8
1965/3,2.6,11.5,6.9,44.5,41,252.4,0,4.7,48,4.2
1965/4,7,15.6,11.1,87,29,178.4,0,4.4,55,6.4
1965/5,13.4,21.2,17.2,400,118,189.1,0,4.3,72,7.7
1965/6,18.5,25.4,21.6,219.5,69.5,148.5,0,3.6,77,8.6
1965/7,21.4,27.3,24.2,97,22,102.2,0,3.1,80,8.8
1965/8,23.1,30.8,26.7,234.5,108,232.2,0,3.5,71,5.3
1965/9,18.9,25.7,22.2,204.5,37,128.6,0,3.9,72,7.7
1965/10,12.6,21.1,16.9,53,18.5,199.4,0,3.7,63,5.2
1965/11,8.6,17.1,12.7,131.5,55.5,150.2,0,3.7,61,6.2
1965/12,2.9,11.1,7,66,29.5,153.5,0,3.3,57,5
1966/1,0.1,9.3,4.6,23.6,22.5,195.8,0,3.2,46,3
1966/2,2.6,11.6,7.2,122,51.5,149.6,0,4,51,5.5
1966/3,5.5,13.7,9.6,99.9,32,150.4,0,4.1,57,6.6
1966/4,9.7,17.7,13.6,133.7,30,132.6,0,4,68,7.8
1966/5,13.4,22.3,17.9,196.2,45.5,232.6,0,4.5,62,6
1966/6,16.7,23.8,20.1,510.2,225.5,137.3,0,4,73,8.7
1966/7,21.6,27.9,24.4,160.8,52.5,112.6,0,3.5,76,8.3
1966/8,24,30.5,26.9,54.5,25.5,204.3,0,3.9,71,6.7
1966/9,20.2,26.5,23.2,197.1,72.5,122.9,0,4.1,73,8.2
1966/10,15.2,22.7,18.9,108.5,52,175.7,0,2.9,65,5.5
1966/11,8.8,17.1,12.9,29,14.5,132.8,0,3.3,57,5.9
1966/12,2.6,10.7,6.6,8,8,162.2,0,3.4,47,4.8
1967/1,0.1,8.8,4.4,32.2,14,194.4,0,3.5,46,3.2
1967/2,1.1,8.9,4.9,43.8,15.5,162.6,24,3.9,57,5
1967/3,4.7,14,9.5,69.7,25.5,180.8,0,4.4,54,5.3
1967/4,10.1,18.7,14.5,104.7,25,172,0,3.8,58,7
1967/5,15.7,24.7,20,49.3,26,258.3,0,3.8,62,6.3
1967/6,19.5,27,23,109.3,41.5,182.7,0,3.9,67,7.4
1967/7,23.5,30,26.3,89.2,24,143.5,0,3.6,73,7.9
1967/8,24.8,32,28,67.3,22,160.5,0,3.1,67,7.4
1967/9,19.7,26.1,22.6,148.8,41.5,98.4,0,3.9,74,8.4
1967/10,13.3,20.7,16.9,214.7,43,131.5,0,3.9,66,6.9
1967/11,8.8,15.6,12.1,61.4,20,114.1,0,3.4,61,7.1
1967/12,2.7,11,6.7,32.9,16,187.8,0,3,53,3.3
1968/1,0.9,10.5,5.7,9.5,5,219.2,0,3.6,44,3.2
1968/2,-0.1,8.8,4.3,48,21,205.8,30,3.9,44,4.4
1968/3,5.8,14.1,10,94,25.5,157.9,0,4.6,56,6.7
1968/4,10.1,18.7,14.1,117.5,29,192.1,0,3.8,62,6.4
1968/5,13.8,21.6,17.5,185.5,39.5,182.6,0,4.1,69,7
1968/6,18.7,26.2,22,175,53.5,152.9,0,3.6,72,8.1
1968/7,22.1,28,24.7,136,74,127.4,0,3.6,78,8
1968/8,23.4,30.2,26.6,256,56,130.5,0,3.9,79,7.9
1968/9,18.7,25.7,21.9,109.5,25.5,133.9,0,3.3,73,7.3
1968/10,13.1,19.8,16.3,152.5,37.5,101.6,0,3.3,68,7.3
1968/11,9.5,18.7,14.1,19.5,14.5,197.8,0,3.2,56,3.7
1968/12,6.9,13.8,10.2,188,75.5,137.2,0,3.1,59,5.7
1969/1,1.4,10,5.7,54.5,23,148.4,2,3.3,56,5.4
1969/2,2.1,9.3,5.7,100,23.5,97.1,8,3.8,60,7.5
1969/3,3.7,12,7.9,121,48,179.3,54,3.8,58,6.3
1969/4,9.9,19.2,14.6,73,38,178.5,2,4.5,61,6.5
1969/5,15.6,23.9,19.6,88.5,33,200.4,0,4.1,61,6.2
1969/6,18.2,26,21.8,187.5,41.5,156.4,0,4.6,67,7.3
1969/7,21.9,28.7,25,102,37,138.1,0,3.8,73,8
1969/8,23.8,31.4,27.2,131.5,35,148.6,0,3.6,74,7.4
1969/9,19.2,26.9,22.8,238.5,74.5,122.4,0,3.4,71,7.2
1969/10,13.5,21,17.3,146,66.5,140.4,0,3.7,64,7
1969/11,8.9,16.8,12.8,93.5,27.5,129,0,3.1,63,6.3
1969/12,2.5,11.7,7.2,7,6,199.3,0,3.4,51,3.1
1970/1,0.4,8.9,4.5,58.5,44.5,182,0,3.5,47,4.2
1970/2,1.7,10.3,6,34.5,15.5,160.1,3,3.8,51,4.2
1970/3,1.3,10,5.5,46.5,20.5,195.8,3,4,52,5.8
1970/4,9,17.3,13,94,41.5,130.2,0,4,68,7.5
1970/5,15.6,23.8,19.6,161.5,50,194.1,0,4,68,7.5
1970/6,17.9,24.1,20.7,218,51.5,90.5,0,3.1,77,8.2
1970/7,22.4,29.1,25.4,118.5,73,137,0,3.7,75,7.4
1970/8,24,31.7,27.4,20.5,6.5,187.8,0,4.2,69,7.7
1970/9,21,27.6,24,86,36.5,92.9,0,3.4,73,8.2
1970/10,13.3,21.2,17.2,98.5,23.5,131.5,0,3.3,71,6.2
1970/11,8.4,16.5,12.3,144.5,60,156.3,0,3.8,61,5.2
1970/12,2.7,11.1,6.8,41,19.5,132.5,0,3,54,4.7
1971/1,1.7,9.2,5.1,32,16,181.6,15,4,49,4.4
1971/2,1.9,9.8,5.9,38,11.5,148.9,1,3.9,54,5.8
1971/3,4.1,12.9,8.3,67.5,19.5,203.3,0,4.2,53,4.3
1971/4,9.4,17.7,13.5,134,71,164.5,0,4.3,64,6.7
1971/5,14,21.6,17.4,110,35.5,168.9,0,3.6,70,7.4
1971/6,18.2,24.8,21.3,91.5,27.5,106,0,3.1,73,8.8
1971/7,22.7,29.5,25.8,153.5,51.5,161.1,0,3.7,75,7.9
1971/8,23.7,30.6,26.7,195,169.5,203.1,0,4.2,72,6.6
1971/9,18.4,24.4,21.1,273,119,77.5,0,3.7,77,8.7
1971/10,12.5,18.9,15.5,258.5,68,121.1,0,3.2,71,6.9
1971/11,7.8,16,11.9,30.5,11,154.7,0,2.9,60,4.4
1971/12,3.8,12,7.9,55,43,172.4,0,3.5,55,4.2
1972/1,2.8,10.7,6.6,113.5,41,156.4,0,3.7,59,5
1972/2,2.3,8.3,5.1,142,33.5,112.6,13,4.1,58,6.8
1972/3,5.5,13.9,9.7,44,13.5,207.7,0,4.9,54,5.3
1972/4,9.2,17.4,13.4,186.5,43,181.4,0,4.3,66,6.5
1972/5,14.7,22.7,18.6,116,43.5,207.1,0,4.6,65,6.8
1972/6,18.2,25,21.4,107,25.5,155.7,0,3.9,71,8
1972/7,22.6,28.8,25.2,301,103,167,0,4.9,76,8
1972/8,23.3,30.7,26.6,94.5,62,242,0,4.8,70,5.5
1972/9,19.9,27.2,23.1,281,97.5,171.1,0,3.3,70,6.9
1972/10,14.9,22.3,18.5,43.5,14.5,149.4,0,3.5,63,6.6
1972/11,8.3,16.4,12.3,43,22,159.7,0,3.1,56,5.7
1972/12,4.2,12.1,8.1,155.5,82.5,161.6,0,3.1,56,4.6
1973/1,2.8,10.3,6.3,136,46,177.6,0,3.4,55,4.5
1973/2,2.8,11.4,6.9,45,22.5,162.9,0,3.4,52,4.7
1973/3,3.7,12.4,7.8,10,7.5,207.5,0,4.3,47,5.6
1973/4,11.1,19.8,15.3,143,34.5,163.3,0,3.7,67,7.5
1973/5,13.8,22.1,17.9,97.5,25.5,205.1,0,3.5,63,7
1973/6,17.2,23.2,19.8,121.5,46,96.3,0,3.4,74,8.8
1973/7,22.9,30.2,26.1,49.5,24,225.8,0,3.3,71,5.6
1973/8,25.5,32.7,28.5,50,20.5,226.4,0,4.4,69,6.1
1973/9,20,26.7,23.2,155,60.5,154.2,0,3.5,70,7.4
1973/10,13.8,21.4,17.4,237.5,73.5,151.1,0,3.2,65,6.8
1973/11,7.6,16.9,12.1,104.5,96.5,196.5,0,3.5,53,3.7
1973/12,1.7,11.5,6.6,0,0,229,0,3.2,40,1.9
1974/1,0.6,8.9,4.4,29,24.5,229.5,8,4,40,2.4
1974/2,1.4,9.3,5.1,58.5,13,134.8,6,3.6,55,6
1974/3,3.6,11.7,7.3,114,43,183.7,7,3.7,57,6
1974/4,10.6,19.3,14.8,151,41,202.8,0,4.5,62,6.3
1974/5,15.3,23.7,19.3,93.5,48.5,231.5,0,4,62,6.3
1974/6,18.9,25.5,21.9,204.5,48.5,137,0,3.1,74,8.5
1974/7,20.6,26.9,23.4,270.5,54.5,108.9,0,2.9,79,8.8
1974/8,24.1,31.1,27.1,179,37.5,198.3,0,3.5,73,7.5
1974/9,20,26.1,22.8,246.5,87.5,132.5,0,3.6,72,8.2
1974/10,14.9,21.1,17.8,165,60.5,99.6,0,2.9,67,7.9
1974/11,8,15.7,11.7,30.5,14,154.5,0,3.1,54,5.1
1974/12,3.1,10.6,6.7,38.5,13.5,151.2,0,3.1,56,5.5
1975/1,0.8,8.8,4.7,67.5,28,182.7,0,2.9,51,4.2
1975/2,1.3,9.3,5.1,75,32.5,176.4,15,3.3,48,5.2
1975/3,4,12.3,7.9,108,62.5,182.3,2,3.2,58,5.6
1975/4,10.7,18.4,14.3,161.5,54,152.4,0,3.3,65,7.7
1975/5,14.9,22.7,18.6,151,63,213.1,0,3.2,66,7.8
1975/6,18.8,25,21.6,106.5,29.5,82.9,0,2.5,78,9.3
1975/7,22.7,29.4,25.6,175.5,93,189.7,0,3.2,70,6.6
1975/8,24,31.5,27.3,26.5,15.5,250.8,0,3,67,5.3
1975/9,21.7,29.6,25.2,99.5,32,192.7,0,3,67,5.8
1975/10,14.4,20.5,17.3,273,63,100.5,0,2.8,69,7.7
1975/11,9.7,16.3,12.7,245,88.5,124,0,3.2,67,6.5
1975/12,3.1,10.7,6.7,51.5,19.5,171.4,0,2.4,57,4.5
1976/1,0.7,10.6,5.4,0.5,0.5,225.2,0,3,44,2
1976/2,2.9,10.7,6.8,128,49.5,137.3,1,3.1,59,5.9
1976/3,5.1,13.1,9,87,30.5,148.2,0,3,59,7.2
1976/4,9.2,16.7,13,129,25,120.2,0,2.9,67,8
1976/5,13.9,21.9,17.7,218,51,174.5,0,2.8,70,7.2
1976/6,18.7,25,21.5,186,48.5,83.9,0,3.2,76,9.3
1976/7,20.7,27.6,23.9,102,50.5,178.8,0,3.1,77,6.9
1976/8,21.9,29.1,25.1,159,39.5,156.6,0,2.6,76,8
1976/9,18.9,25.7,22,284,54.5,128.6,0,2.7,74,7.4
1976/10,14.1,21.3,17.5,155,56,141.5,0,2.6,66,6.6
1976/11,7.4,15,11.2,78,24.5,132.6,0,2.7,59,5.7
1976/12,3.4,11.5,7.3,31,27.5,173.3,0,2.7,52,4.2
1977/1,0,7.5,3.4,19.5,17.5,161.5,0,2.9,48,5.2
1977/2,0.5,9.4,4.9,27,15,188.6,1,3,47,4.3
1977/3,5.3,13.3,9.3,167,76.5,141.9,0,3,61,6.7
1977/4,10.7,19.5,15.1,110.5,38.5,182.1,0,3.8,62,6.4
1977/5,14.5,23,18.7,96.5,74.5,225,0,3.2,62,6.1
1977/6,18.3,24,20.9,202.5,47.5,99.5,0,2.5,76,9.2
1977/7,22.5,29.8,25.8,91,29.5,204.3,0,2.7,72,7.4
1977/8,22.3,28.4,25,290.5,81.5,100.8,0,2.7,77,8.8
1977/9,21.4,27.7,24.3,233.5,104.5,133,0,3,72,7.9
1977/10,15.2,22.6,18.7,60,47,173.9,0,2.5,67,5.8
1977/11,11.4,18.4,14.8,102.5,58.5,136.5,0,2.9,65,6
1977/12,5,13.3,8.9,53.5,39,177.4,0,2.6,55,4.3
1978/1,1.7,9.7,5.6,28,17.5,160,24,3,50,4.1
1978/2,0.6,8.4,4.2,32,20,157.7,1,3,49,4.6
1978/3,4.8,13.1,8.7,115.5,29.5,193.1,0,3,52,4.9
1978/4,10.2,17.8,13.9,186.5,54,163.9,0,3.4,61,5.9
1978/5,15.7,22.7,19,130,34.5,167.2,0,2.8,68,7.7
1978/6,20.8,27.5,23.8,104,42,192.6,0,4.4,71,7.2
1978/7,24.9,31.5,27.8,45,25,217.1,0,2.7,72,5.9
1978/8,25.6,33,28.9,26,13,255.6,0,3.9,66,4.9
1978/9,19.5,25.3,22.2,124,29,102.2,0,2.8,73,8
1978/10,13.7,21.1,17.3,147,31.5,132.9,0,2.7,67,6.4
1978/11,9.3,16.5,12.9,65,31,160.2,0,2.6,60,5
1978/12,4.5,12.8,8.5,27,18,154.7,0,2.5,54,3.9
1979/1,2.4,10.9,6.6,59,38.5,179.5,1,3.2,53,3.3
1979/2,4.9,12.5,8.4,96,22,164.6,0,3.5,58,5
1979/3,5.8,13.8,9.9,92,64,190.2,0,4.1,51,5.8
1979/4,10.3,17.7,13.9,109.5,29.5,161.3,0,4.2,59,6.8
1979/5,15,22.5,18.6,148.5,66,230.6,0,3.4,61,5.9
1979/6,21.3,27.9,24.4,63,15,217.9,0,3.8,69,6.5
1979/7,22.4,28.5,25.2,88.5,41,143.1,0,2.9,72,7.5
1979/8,24.6,31,27.4,104.5,36,156,0,3.2,72,7.7
1979/9,21.2,27.3,24.1,146.5,46.5,119.1,0,3.1,71,8.1
1979/10,16.3,23,19.6,320.5,122.5,149.3,0,3.3,67,6.7
1979/11,11.1,17.6,14.3,182.5,37.5,102.9,0,3.4,67,7.8
1979/12,6.4,13.9,10.1,43,19,186.2,0,3,54,4.1
1980/1,1.7,10,5.6,88.5,23,182,2,3.8,52,4.1
1980/2,1.3,9.2,5.2,26,17.5,206.1,0,3.8,44,4.1
1980/3,4.9,12,8.2,173.5,39,157.5,1,4,54,6.2
1980/4,9.9,17.6,13.6,107,32,156.6,0,3.9,63,7.4
1980/5,15.2,23.4,19.2,154.5,33,204.2,0,3.6,67,6.4
1980/6,20.9,27,23.6,172.5,49.5,146.7,0,3.2,72,8.3
1980/7,21.1,27.4,23.8,202,57,95,0,2.8,79,9
1980/8,20.7,26.6,23.4,168.5,44.5,105.3,0,2.7,77,8.5
1980/9,20.3,26.1,23,181.5,65.5,125.2,0,3.6,73,7.4
1980/10,14.8,21.9,18.2,136,65,160,0,3.5,64,6.2
1980/11,9.2,16.8,13,133.5,48,149.6,0,3.2,61,5.3
1980/12,3.8,11.9,7.7,34,11.5,213.2,0,3.5,51,2.9
1981/1,0.6,8.5,4.4,3.5,2,233.4,0,3.5,44,2.9
1981/2,1.9,9.2,5.3,38,26.5,157.3,2,3.5,51,5.5
1981/3,5.2,13,9,113,25.5,192.6,0,3.7,58,6
1981/4,9.5,18,13.9,166,55,207.5,0,3.7,57,5.7
1981/5,13.5,21.4,17.5,151.5,60,182.6,0,3.3,64,6.8
1981/6,17.2,23.6,20.2,103,26.5,83.2,0,2.6,76,8.8
1981/7,23.4,30,26.3,167,81,181.3,0,3,75,7.6
1981/8,23.4,30,26.2,133,42,190.7,0,3.3,71,6.9
1981/9,18.7,25.2,21.8,138.5,27.5,140,0,3.2,71,7.7
1981/10,14.4,21.1,17.6,343.5,215,161.2,0,3.3,63,6.3
1981/11,7.2,13.9,10.4,99,40,130.6,0,3,61,6.4
1981/12,3.8,11.7,7.6,7.5,7.5,206.6,0,3.4,51,3.4
1982/1,2.2,9.7,5.8,32.5,18.5,194,2,3.6,51,4.8
1982/2,1.8,9.3,5.5,51.5,12.5,168,0,3.8,49,5.3
1982/3,5.9,14,9.9,73,17,177.8,0,3.9,56,5.8
1982/4,10,17.8,14,134,63,177.5,0,4,62,5.9
1982/5,16.8,24.7,20.7,85.5,21,243.7,0,3.8,67,5.6
1982/6,18.2,24.9,21.4,224.5,60.5,152.6,0,3.2,72,7.9
1982/7,20.4,26.1,23.1,140,33.5,102.3,0,2.8,76,8.4
1982/8,24.6,30.2,27.1,152.5,71,170.1,0,3.5,75,6.2
1982/9,19.8,25.6,22.3,371.5,167.5,104.3,0,3.6,73,7.5
1982/10,14.6,21.6,18,159.5,45,171.6,0,3.5,67,5.5
1982/11,11.3,17.6,14.3,136,73,118.8,0,3.1,65,6.7
1982/12,5.7,13,9.5,15,8.5,156.1,0,3.1,58,4.5
1983/1,2.5,10.2,6.2,29.5,15.5,205,0,3.4,51,3.8
1983/2,2.4,10.2,6.1,50.5,36.5,202.9,2,3.9,50,4
1983/3,5.2,12.1,8.6,99,27.5,176,0,4.1,59,6
1983/4,12.1,20.3,15.9,114.5,25,176.6,0,3.4,69,6.6
1983/5,15.7,23.7,19.7,105.5,63,241.5,0,3.6,64,6.5
1983/6,17.1,24.2,20.5,198,40,162.7,0,3.4,72,7.4
1983/7,21.2,27.1,23.8,141.5,44.5,119.4,0,3.2,79,8.6
1983/8,24.6,31,27.5,168.5,66.5,163.7,0,3.3,76,6.9
1983/9,20.9,26.1,23.1,242.5,97.5,92.8,0,2.8,77,8.3
1983/10,14.3,21.2,17.7,130,33,141.6,0,3.4,66,7.3
1983/11,8.6,16.3,12.3,53.5,21,181.8,0,3.5,59,4.2
1983/12,3.3,11.1,7.1,7.5,4,217.1,1,3.7,48,2.9
1984/1,0.2,7.5,3.7,50,19.5,208.8,57,3.7,51,3.9
1984/2,0,6.3,3,51,20,182.5,31,3.9,52,5.6
1984/3,2,10.2,5.9,69,19.5,205.7,3,3.7,56,5.7
1984/4,7.9,16,11.6,64,22.5,168.2,0,3.5,65,7.2
1984/5,14,21.2,17.2,77.5,21,172.2,0,3.6,69,8
1984/6,19.2,24.9,21.8,202,73,113.2,0,3.3,79,9
1984/7,23.2,30,26.2,81.5,23,180.1,0,2.9,78,7.4
1984/8,25.7,32.4,28.6,31.5,14,252.3,0,3.2,70,5.5
1984/9,20.3,27.1,23.5,61,15.5,146.9,0,2.9,72,7.2
1984/10,14.6,21.2,17.7,73.5,36,145.9,0,3.7,64,7.2
1984/11,8.5,15.9,12.2,50.5,21,148.7,0,3.1,60,5.4
1984/12,4,11.5,7.7,68,34.5,163.3,0,3.4,57,5.1
1985/1,0.5,8.1,4.1,4.5,4.5,200.9,0,3.5,48,4.3
1985/2,3.1,10.2,6.5,142,59.5,153.2,0,3.9,58,5.4
1985/3,4.8,11.2,7.8,134.5,31,74,0,3.7,72,9.1
1985/4,10.3,18.3,14.2,201.5,55.5,183.8,0,3.7,69,6.6
1985/5,15.7,23,19.1,89.5,24,201.8,0,3.6,67,7.7
1985/6,17.4,23.1,20.2,381,96,104.3,0,3.1,77,8.9
1985/7,23.3,30.2,26.3,115,42.5,194.8,0,2.8,76,6.8
1985/8,25.1,31.6,27.9,146,50,257.8,0,3.5,74,5.9
1985/9,20.4,26.1,23.1,106,23.5,101.9,0,3.3,76,8.5
1985/10,14.6,21.5,17.9,92.5,45.5,149.4,0,3.2,66,6.8
1985/11,9.1,17.1,13.3,85.5,33.5,173.5,0,3,62,4.8
1985/12,3.4,11.4,7.4,18.5,12,202.9,0,3.3,55,3.5
1986/1,1,8.2,4.5,15,13.5,185.7,0,3.3,47,4.6
1986/2,0.8,7.9,4.3,27.5,14.5,181.6,26,3.9,49,5.4
1986/3,3.9,11.8,7.8,188,83,161.5,10,4.3,59,6.4
1986/4,10,18,13.9,88,24.5,175.2,0,3.7,63,7.1
1986/5,14.4,21.6,17.9,210,80.5,194.2,0,3.5,69,7.1
1986/6,18.3,24.4,21.1,138,37,158.1,0,3.4,74,7.9
1986/7,21.2,27.2,23.9,137,58,109.1,0,2.8,81,8.2
1986/8,24.1,30.4,26.8,233.5,185,199.8,0,3.5,74,6.4
1986/9,21,26.8,23.7,190.5,77,113.9,0,3,78,7.8
1986/10,13.6,20.5,17.1,74,25.5,155.9,0,3.4,66,6
1986/11,9,15.6,12.3,41,14.5,126,0,3.3,61,6.5
1986/12,4.9,12.2,8.5,115.5,67,163.8,2,3.6,57,4.1
1987/1,1.9,10,5.8,38,12,181.4,12,3.7,51,4.4
1987/2,3,10.7,6.8,29.5,9.5,159.2,7,3.9,55,5.2
1987/3,5.1,13.2,9.3,94,20.5,149.1,5,3.9,59,6.2
1987/4,10.3,18.4,14.4,42.5,12.5,199.4,0,3.6,59,6.6
1987/5,15.4,23.1,19.3,65,23.5,172.6,0,3.9,64,7.3
1987/6,18.8,25.7,22.1,120.5,46,193.3,0,3.7,67,6.7
1987/7,24.1,30.6,27,146.5,37.5,177.6,0,3.4,72,7.8
1987/8,24.3,30.8,27.3,45.5,9,159.2,0,3.3,73,7.6
1987/9,20.7,26.3,23.3,214.5,66,104.1,0,3.9,72,8.3
1987/10,15.9,22.2,18.9,193,36.5,145.3,0,3.3,69,6.8
1987/11,9.6,16.2,12.8,39.5,31.5,122.5,0,3.6,61,6.5
1987/12,4.1,12.4,8.1,60.5,29.5,166.7,5,3.1,60,4.1
1988/1,3.7,11.7,7.7,28,13,197,0,3.2,52,5.2
1988/2,1.1,8.9,4.9,17.5,13.5,178.3,1,3.9,46,5.2
1988/3,4.6,11.9,8.4,185,70,129.8,1,4.3,59,7.6
1988/4,10.2,18.1,14.3,107.5,31.5,183.3,9,3.6,60,6.3
1988/5,14.4,22.1,18.2,144,32.5,178.3,0,3.8,62,7.3
1988/6,19.4,25.5,22.3,198,57.5,122.6,0,3.5,72,7.8
1988/7,20.1,25.2,22.4,158,38.5,61.8,0,3.3,77,9
1988/8,24.4,30.2,27,341.5,141,143.7,0,3.3,76,7.9
1988/9,20.7,25.2,22.8,251.5,65,39.2,0,3.6,78,9.3
1988/10,14.4,20.8,17.5,58.5,19,152.1,0,3.3,60,6.4
1988/11,7.2,15.6,11.4,26,9,205.8,0,3.4,56,3.6
1988/12,4.5,12.5,8.4,0,0,213.8,0,3.5,47,2.6
1989/1,4.8,11.4,8.1,95,42.5,152.6,0,4,55,5.7
1989/2,4.3,11.1,7.5,107,24.5,135.5,0,4,56,6.2
1989/3,5.8,13.6,9.6,118,26.5,176.4,0,4.2,57,6.2
1989/4,11.6,19.6,15.6,187,62.5,218.4,0,4.1,57,6
1989/5,14.2,21.5,17.7,210,50.5,131.6,0,3.4,70,8
1989/6,17.8,23.8,20.7,205,41.5,134.6,0,3.4,71,8.2
1989/7,21.5,27.4,24.1,154,27.5,118.6,0,3.4,76,8.2
1989/8,24.5,30.5,27.1,360.5,195,191.5,0,3.7,72,6.7
1989/9,22.5,28.4,25.2,204,78.5,115.1,0,3.7,71,8.4
1989/10,14.5,20.7,17.5,197,54,134.3,0,3.6,66,6.5
1989/11,10.8,17.7,14.2,71,22,145.2,0,3.2,61,5.4
1989/12,5.7,12.8,9.2,29,26,178.9,0,3.7,51,4.4
1990/1,1.7,8.8,5,32.5,19.5,179.3,4,3.6,50,4.7
1990/2,5.1,10.5,7.8,116.5,23,81.6,11,3.5,67,8.1
1990/3,7,14.4,10.6,97.5,53,200.4,0,4.6,49,5.4
1990/4,10.8,18.6,14.7,137.5,37.5,155.4,0,3.9,59,6.7
1990/5,15.8,23.1,19.2,120.5,70,174.6,0,3.4,60,7.1
1990/6,20.8,27,23.5,68,19,133.4,0,3.5,68,8.1
1990/7,22.8,29.2,25.7,51,24,143.8,0,3.1,71,7.6
1990/8,25.7,32.4,28.6,181.5,116.5,230.2,0,4,68,5.4
1990/9,21.9,28.1,24.8,287,123.5,140.2,0,3.4,70,7
1990/10,16,22.4,19.2,148.5,66,137.6,0,3.5,66,7
1990/11,11.4,19,15.1,234,102.5,166.9,0,3.2,64,4.7
1990/12,6.3,13.6,10,38,20,197.3,0,3.3,49,3.1
1991/1,2.8,10.1,6.3,55,35.5,210.6,0,3.6,48,3.4
1991/2,2.5,10.5,6.5,69,60.5,199.3,0,3.8,45,4.5
1991/3,6.2,13.1,9.5,164,43.5,115.8,0,3.5,63,7
1991/4,11.9,18.8,15.4,112.5,46,150.7,0,3.6,64,7
1991/5,15.2,22.7,18.8,61,14,204,0,3.5,63,6.4
1991/6,20.8,26.9,23.6,142,41,127.7,0,3,73,8.1
1991/7,23.5,30.1,26.7,72,31,136.4,0,3,70,8.5
1991/8,22.6,29.1,25.5,238,67,138.4,0,3.3,72,7.9
1991/9,21.4,26.9,23.9,445.5,220.5,85.6,0,3.2,76,7.8
1991/10,15.9,20.7,18.1,533,96.5,74.8,0,3.6,74,8.1
1991/11,9.9,16.4,13,114,65,145.8,0,3.3,59,5.7
1991/12,5.7,12.7,9.2,36,15.5,143.9,1,3,59,4.9
1992/1,3.2,10.5,6.8,50,20.5,183.2,1,3.2,56,3.8
1992/2,3.1,10.8,6.9,36,31,166.4,13,3.5,49,5.3
1992/3,6.5,13.1,9.7,205,37,98.8,0,3.6,66,8
1992/4,11.1,19.1,15.1,167.5,37,172.5,0,3.9,61,5.9
1992/5,13.8,21.1,17.3,134,42,162.4,0,3.9,64,7.4
1992/6,17.8,23.7,20.6,237,52.5,113,0,3,71,8.5
1992/7,22.4,29.2,25.5,111.5,44,153.6,0,2.6,72,7.5
1992/8,24.3,30.4,27,9,4.5,184.7,0,3.5,70,6.8
1992/9,20.3,26.9,23.3,108,49.5,161.7,0,3.5,62,7
1992/10,14.3,20.5,17.3,328,119,115.6,0,3.1,71,7.2
1992/11,9.6,16.9,13,168,102.5,146.6,0,3.1,63,5.5
1992/12,6.1,12.9,9.4,65.5,38,164.9,0,3.2,52,4.8
1993/1,3.3,9.1,6.2,115,32.5,130,0,3.4,59,6.1
1993/2,3.8,11.8,7.7,57,22,195.7,0,3.9,47,3.7
1993/3,5,12.5,8.7,60.5,15.5,187.7,0,3.6,54,6.2
1993/4,9.1,17.8,13.4,58,21.5,183,0,3.6,54,5.5
1993/5,14.2,22.3,18.1,65.5,21,192.2,0,3.4,61,6.8
1993/6,19,25,21.7,260,62,110.9,0,3,74,8.3
1993/7,20,25.3,22.5,316.5,77.5,75.2,0,3.2,80,9.3
1993/8,22.3,28,24.8,412,234.5,102.2,0,3.2,76,8.3
1993/9,20.2,25.8,22.9,140,33.5,90.8,0,3.1,72,8.4
1993/10,14.4,20.8,17.5,156,65.5,143.5,0,3.2,63,6.3
1993/11,10.9,17.7,14.1,167,110.5,147.5,0,2.9,60,5.9
1993/12,5.3,12.3,8.5,65,17,153.2,0,3.5,55,5.1
1994/1,2.1,9.1,5.5,50,16.5,173.6,8,3.4,55,4.8
1994/2,3,10.6,6.6,88.5,53.5,206.2,27,4.2,45,4.6
1994/3,4.8,11.6,8.1,114.5,56,158.1,0,3.3,55,6.8
1994/4,11.4,19.8,15.8,49,15,209.5,0,3.5,57,6.6
1994/5,15.9,23.4,19.5,133.5,28.5,194.6,0,3.4,63,7
1994/6,19.1,26,22.4,144.5,70,136.2,0,2.8,71,7.9
1994/7,25.3,31.8,28.3,93.5,54.5,202.9,0,2.9,69,7.5
1994/8,25.9,32.9,28.9,92.5,38.5,239.9,0,3.1,68,6
1994/9,22,28.1,24.8,235,47,131.8,0,3.1,74,7.6
1994/10,17.5,23,20.2,57,24.5,76.5,0,3.2,68,8.5
1994/11,9.8,17.1,13.4,50.5,27,167,0,3,60,4.8
1994/12,5.2,12.8,9,23,8.5,167.3,0,3.2,53,5.2
1995/1,2.5,10.2,6.3,36,25.5,224.2,0,3.5,45,3.1
1995/2,2.9,10.1,6.5,27,11,179.3,1,3.6,49,5
1995/3,5.3,13,8.9,180,32,134.4,2,3.6,63,6.9
1995/4,11.5,19.1,15,99.5,15.5,158.5,0,3.7,56,7.1
1995/5,16.1,22.7,19.1,204.5,63.5,147.6,0,3.3,68,7.8
1995/6,17.8,23.5,20.4,185.5,33,62.6,0,3,77,9.4
1995/7,23.7,29.6,26.4,171,43,137.1,0,2.6,75,7.8
1995/8,26.1,33.7,29.4,31,13,248.7,0,2.7,68,6.1
1995/9,20.7,27.4,23.7,164.5,93.5,149,0,3.3,65,7.8
1995/10,16.5,23,19.5,79,49,148,0,3.2,63,6.7
1995/11,8.7,16.7,12.7,42,23,203.4,0,3.5,48,3.9
1995/12,3.9,12.1,7.7,0,0,235.3,0,3.4,42,2.6
1996/1,2.9,10.4,6.6,13,8.5,197.8,2,3.5,47,3.9
1996/2,1.7,9.4,5.4,45,16.5,186.8,16,3.4,48,5
1996/3,5.5,13.1,9.2,118,35,162.5,0,3.9,53,7.1
1996/4,8.5,17,12.7,111,50,204.8,0,3.3,55,6
1996/5,14.6,22,18.1,128,39.5,183.7,0,3.2,65,7
1996/6,19.5,26.4,22.6,36,7.5,117.8,0,3,72,9
1996/7,23.1,30,26.2,253.5,81,199.6,0,3.1,74,7
1996/8,23,30,26,31.5,20,149.1,0,3.3,72,8.1
1996/9,19.4,26.3,22.4,382,259.5,139,0,3.1,72,7.7
1996/10,14.5,21.7,18,83.5,25.5,139.9,0,3,70,6.3
1996/11,10.1,16.7,13.2,84,18,115.4,0,3.3,65,7
1996/12,5.3,13.6,9.3,48,21,187.8,0,3.1,55,3.8
1997/1,2.7,11.3,6.8,29,15,236.6,0,3.6,47,3
1997/2,3.1,11.2,7,21.5,12.5,191.6,0,3.8,47,4.9
1997/3,6.8,14.7,10.5,106,40,181.9,0,3.9,56,6.3
1997/4,11.4,19.2,15.2,105.5,33.5,184.3,0,3.3,60,6.5
1997/5,15.6,23.2,19.2,186,85,162.7,0,3.3,69,7.8
1997/6,19.3,26.6,22.7,170.5,81.5,160.6,0,3.4,72,7.9
1997/7,23.4,30.7,26.6,185,62,191.9,0,3.2,72,7.3
1997/8,23.9,30.7,27,144,98.5,176.1,0,3.2,73,7
1997/9,20.1,26.4,22.9,204,31,91.7,0,3.5,75,8.6
1997/10,14.8,22.8,18.7,19,10.5,192.6,0,2.9,60,5.1
1997/11,11,18.1,14.3,91,32,140.8,0,3.3,63,6.2
1997/12,5.8,12.4,9.2,40.5,14,153.1,0,3.1,56,5.1
1998/1,1.9,9.3,5.3,122,50.5,162.5,32,3.1,59,4.9
1998/2,3.6,11.3,7,110.5,37.5,150.4,0,3.5,60,6.1
1998/3,5.9,14.4,10.1,108,40.5,191.5,6,3.8,57,5.9
1998/4,12.9,20.1,16.3,188,29,108.8,0,3.3,76,8.3
1998/5,16.7,24.6,20.5,140.5,41,132.5,0,3.4,71,8.2
1998/6,18.5,24.6,21.5,150.5,40,73.1,0,3.1,76,9.2
1998/7,22.6,29,25.3,156.5,36.5,113.6,0,3,76,8.7
1998/8,24.4,31,27.2,143.5,56.5,91.7,0,2.8,78,8.9
1998/9,21.9,27.7,24.4,229,94,83.8,0,3.5,77,7.9
1998/10,17.1,23.5,20.1,142.5,43,117.2,0,3.2,71,7.6
1998/11,10.3,17.7,13.9,7.5,7,157.9,0,3,55,5.5
1998/12,5.5,12.6,9,48,15.5,152.4,0,3.1,57,5.1
1999/1,2.5,10.8,6.6,19.5,14,217,0,3.1,44,3.1
1999/2,2.5,11.2,6.7,35.5,17.5,200.9,1,3.4,44,4.1
1999/3,6.3,13.7,10.1,144.5,41,119,0,3.5,62,7.4
1999/4,11.5,18.7,15,205,69.5,146.3,0,3.7,66,7.3
1999/5,16.4,24,19.9,103.5,47.5,184,0,3.2,64,7.1
1999/6,19.8,26.5,22.8,192.5,50.5,135.8,0,3.2,73,8.5
1999/7,23,29.9,25.9,342,130.5,169,0,3.7,76,7.9
1999/8,25.8,32.3,28.5,301,112,204,0,3.4,74,6.9
1999/9,23.3,29.6,26.2,91,30,130.3,0,3.3,71,7.7
1999/10,16.1,23,19.5,87.5,60,158.4,0,3.3,62,6.5
1999/11,10.7,17.8,14.2,93,48.5,157.1,0,2.9,60,5.5
1999/12,5.1,12.7,9,7,5.5,186.3,0,2.8,47,3.6
2000/1,4.2,11.2,7.6,66.5,19,153.8,0,3.2,51,6
2000/2,2.4,9.9,6,4,2.5,207.7,0,3.7,38,4.2
2000/3,5.2,13.5,9.4,85.5,29,207.9,0,3.7,44,4.7
2000/4,10.7,18.7,14.5,151.5,32.5,174.9,0,3.6,55,6.7
2000/5,16.5,24,19.8,109,30.5,184,0,3.1,68,7.4
2000/6,19.5,26.1,22.5,232,45,129.8,0,3.1,74,8
2000/7,24.5,31.6,27.7,373.5,115,210.2,0,3.3,70,6.5
2000/8,25.4,32.4,28.3,162,71.5,185.7,0,2.7,69,6.8
2000/9,22.7,28.9,25.6,164,27,128.9,0,3,69,7.2
2000/10,16.2,21.9,18.8,142.5,40.5,97.7,0,2.9,67,8.2
2000/11,10.5,16.7,13.3,106,45,109.7,0,3.3,63,7.4
2000/12,5.2,12.6,8.8,6.5,4.5,172.2,0,3.1,46,4.2
2001/1,1.7,8.6,4.9,126.5,33,178.8,12,3.6,47,4.4
2001/2,2.8,10.7,6.6,23,15,153,0,3.3,48,5.7
2001/3,5.7,14.4,9.8,107.5,24.5,180.1,0,3.6,51,5.7
2001/4,11.3,20.4,15.7,40.5,19.5,219.5,0,3.6,56,5.5
2001/5,16.4,23,19.5,170.5,28,160.6,0,3.2,69,7.8
2001/6,20.3,26.6,23.1,144.5,39.5,107.8,0,2.8,70,9
2001/7,25.2,33,28.5,41.5,39.5,259.2,0,3.2,63,5.9
2001/8,23.6,30,26.4,136.5,68,94,0,2.9,71,8.6
2001/9,20.4,26.4,23.2,204,99.5,109.4,0,3.2,68,7.4
2001/10,15.5,22.5,18.7,343,186,154.6,0,3.2,62,6
2001/11,9.5,16.7,13.1,123.5,32,169.6,0,2.8,55,4.9
2001/12,4.9,12,8.4,30,9.5,189.9,0,3.1,46,3.9
2002/1,3.4,11.5,7.4,98.5,42,201.9,0,3.2,46,3.9
2002/2,4.4,11.9,7.9,25,9.5,163.5,0,3.1,48,5.6
2002/3,8.1,16.5,12.2,82,31.5,191.3,0,3.5,49,5.5
2002/4,12.4,20.3,16.1,58,27.5,164.2,0,3.7,57,7.4
2002/5,15.3,22.3,18.4,112.5,26.5,153,0,3.1,64,8.2
2002/6,18.6,25.3,21.6,151.5,50.5,123.3,0,3,69,8.4
2002/7,25.1,31.7,28,124,54,189.5,0,3.2,70,7.7
2002/8,24.8,32.1,28,120,58.5,231,0,3.4,66,6.1
2002/9,20.4,26.2,23.1,207,107.5,117.3,0,2.9,69,7.7
2002/10,15.5,22.6,19,194,59.5,183.4,0,3.1,62,5.4
2002/11,8.2,15.2,11.6,27.5,18.5,140.9,0,3.1,50,5.7
2002/12,4.1,10.4,7.2,94.5,27.5,130.7,3,3,57,5.9
2003/1,2,9.3,5.5,101,46.5,208,0,3.2,46,4
2003/2,3.2,9.9,6.4,53.5,17,154,0,3.3,52,5.8
2003/3,5.1,12.7,8.7,159.5,65.5,203.8,0,3.6,49,5.4
2003/4,11.5,19.2,15.1,121,55.5,162.6,0,3.7,61,7.4
2003/5,15.5,22.4,18.8,172.5,72,145.6,0,2.9,65,8
2003/6,20.2,26.6,23.2,85,20,103.6,0,2.8,69,8.8
2003/7,20.1,26,22.8,187.5,33.5,48.2,0,2.8,75,9.7
2003/8,23.1,29.5,26,370,151,130.3,0,3,73,8.3
2003/9,21,28.1,24.2,150,83,160.2,0,3.3,66,7.3
2003/10,14.6,21.4,17.8,171.5,60,137.6,0,3.1,59,7.2
2003/11,11.5,17.4,14.4,229.5,58.5,87.9,0,3,67,7.5
2003/12,5.7,13.2,9.2,53,29.5,181.4,0,3,50,4
2004/1,3.1,10.1,6.3,3.5,3,203.6,0,3.4,43,4.1
2004/2,4.3,12.9,8.5,20,11,218.3,0,3.5,45,4
2004/3,5.7,14,9.8,129.5,47.5,170.9,0,4.1,53,6.4
2004/4,11.7,21.3,16.4,69.5,30.5,235.4,0,4,51,5.4
2004/5,16.1,23.7,19.6,149,53,139.9,0,3.8,67,8.3
2004/6,20.3,27.5,23.7,112.5,20.5,170.6,0,3.6,66,7.5
2004/7,25,33.1,28.5,23.5,17,232.2,0,3.4,62,6.3
2004/8,24.1,31,27.2,79.5,22,177.8,0,3.8,65,8
2004/9,22.2,28.7,25.1,195,78.5,140,0,4.1,68,7.4
2004/10,14.8,20.7,17.5,780,222.5,116.8,0,3.6,69,7.1
2004/11,12.7,19,15.6,108.5,29,160.9,0,3.1,60,5.6
2004/12,6.6,13.4,9.9,79.5,41,166.3,3,3.6,49,5.3
2005/1,2.6,10,6.1,77,47,200,0,3.7,47,4.2
2005/2,2.5,9.9,6.2,48,14,148.9,1,3.9,45,6.3
2005/3,5,13.1,9,71,20.5,175.1,2,3.5,49,6
2005/4,10.7,19.6,15.1,81,19,216.1,0,3.8,54,5.4
2005/5,14.1,21.9,17.7,180.5,50,172.3,0,3.9,58,7.2
2005/6,20.2,26.7,23.2,170.5,51,119.3,0,3,70,8.9
2005/7,22.6,29.1,25.6,247.5,74.5,103.9,0,2.9,71,8.9
2005/8,25.1,31.8,28.1,189.5,70,159.9,0,3.4,68,7.6
2005/9,21.8,28.2,24.7,177.5,70,154.2,0,3.6,67,7.1
2005/10,16.6,22.3,19.2,201.5,46.5,108.3,0,3.3,69,7.3
2005/11,9.6,17,13.3,34.5,19.5,194.6,0,2.9,52,4.7
2005/12,2.9,10.2,6.4,3.5,3.5,212.4,0,3.4,39,3
2006/1,2,8.5,5.1,67,48.5,169.9,10,3.8,44,4.9
2006/2,3.3,10.5,6.7,113,45,128.5,2,3.7,53,6.5
2006/3,5.9,14,9.8,79.5,35.5,176.2,0,3.8,48,5.9
2006/4,10.1,17.5,13.6,123,37.5,147,0,3.6,57,7.1
2006/5,15.7,22.7,19,99,23.5,136.7,0,3.8,65,7.9
2006/6,20.1,25.4,22.5,138.5,47.5,79.5,0,2.7,71,9.1
2006/7,23.3,28.6,25.6,165,45,59.2,0,2.7,74,9.4
2006/8,24.8,31.1,27.5,126,76,160.6,0,2.7,69,7.5
2006/9,20.7,27.1,23.5,175.5,69,103.5,0,3.8,68,7.8
2006/10,16.7,22.9,19.5,318,133.5,137.8,0,3.7,66,7.1
2006/11,11,17.9,14.4,135,39,147.5,0,3.3,59,6.1
2006/12,6.7,12.5,9.5,200.5,154.5,141.4,0,3.4,52,5.9
2007/1,4.6,10.9,7.6,42,32,175.6,0,3.4,45,5.4
2007/2,5,12.8,8.6,57,29,193.6,0,3.8,45,4.1
2007/3,6.8,15,10.8,77,23.5,195,0,4.1,44,5.4
2007/4,9.9,17.9,13.7,134,26,151,0,4.1,59,7.8
2007/5,16,24,19.8,115.5,35.5,226.4,0,3.6,58,6.4
2007/6,20,27.1,23.2,80,27,187.2,0,3.1,66,7.7
2007/7,21.8,27.4,24.4,253,67.5,80.6,0,2.9,74,8.8
2007/8,25.9,33,29,9.5,5,227.9,0,3.3,66,6.4
2007/9,22.4,28.5,25.2,319.5,58,121.3,0,4,71,8
2007/10,16.1,22.2,19,135.5,88.5,119.8,0,3.3,63,7.3
2007/11,10.2,16.6,13.3,37,26.5,148.8,0,2.5,56,5.7
2007/12,5.6,12.6,9,72,30,168.8,0,2.5,54,5
2008/1,2.7,9.4,5.9,17.5,10.5,164.8,0,2.8,45,5.4
2008/2,1.9,9.6,5.5,57,23,214.8,4,3.5,41,4.3
2008/3,7.2,14.9,10.7,119.5,34.5,187.2,0,2.9,52,5.7
2008/4,11.4,18.4,14.7,240,91.5,150,0,3.1,59,7.2
2008/5,15.4,22,18.5,255,91.5,136.9,0,3,65,8.5
2008/6,18.4,24.6,21.3,225.5,69,106.9,0,2.7,72,8.8
2008/7,24.2,30.9,27,48,16,168.4,0,2.8,71,8.6
2008/8,24.1,30.7,26.8,387.5,111.5,130,0,2.6,74,8.6
2008/9,21.7,27.7,24.4,158.5,37,124.1,0,2.5,69,7.9
2008/10,16.4,22.6,19.4,204.5,75,141,0,2.4,66,7.1
2008/11,10,16.4,13.1,74,31.5,142.9,0,2.6,56,6.2
2008/12,6,13.7,9.8,70.5,22.5,190.8,0,2.8,53,4
2009/1,3.5,10.2,6.8,142,68,174.7,0,2.9,48,5.5
2009/2,4.4,11.5,7.8,46.5,18.5,131.2,0,3.1,50,6.6
2009/3,6.3,13.7,10,98.5,47.5,162.9,0,3.5,48,6.4
2009/4,11.9,20.2,15.7,162.5,61,226.7,0,3.3,54,5.5
2009/5,16.9,23.6,20.1,242,63.5,154.6,0,3.1,64,8.1
2009/6,19.8,25.8,22.5,226,48,98.8,0,2.7,72,9
2009/7,23.5,29.3,26.3,78.5,13,103.5,0,3.4,72,9
2009/8,23.8,30.1,26.6,242,111.5,136.1,0,2.7,69,8.2
2009/9,20.2,26.5,23,53,38,136.5,0,2.5,64,7.6
2009/10,16,22.3,19,276.5,127,153.3,0,2.7,64,6.4
2009/11,10.1,17,13.5,151.5,85,124,0,2.5,63,6.8
2009/12,6.2,12.4,9,82.5,38.5,181,0,2.7,51,4.6
2010/1,3,11,7,9,6.5,221.9,0,2.7,41,3.8
2010/2,3,9.9,6.5,115,31.5,118.3,2,2.8,60,6.9
2010/3,5.1,13.2,9.1,143.5,31.5,139.8,0,3.2,61,7
2010/4,8.6,16.6,12.4,214,79,139.9,0,3.1,62,8.2
2010/5,15.4,23,19,114,24.5,198.8,0,3.2,60,7.4
2010/6,20.5,27.5,23.6,108,20.5,162.5,0,2.9,67,7.9
2010/7,25,31.6,28,70,24,182.7,0,3.3,70,7.7
2010/8,27,33.5,29.6,27,24.5,222.6,0,3.4,67,6.7
2010/9,22.3,29,25.1,428,102,165.3,0,2.9,68,7.6
2010/10,16.5,21.8,18.9,211,58.5,81.4,0,2.5,68,8.6
2010/11,10,17.2,13.5,94.5,50.5,158.9,0,2.4,56,5.8
2010/12,6.2,13.7,9.9,145.5,76,194.9,0,2.7,50,4.5
2011/1,1.5,9.1,5.1,3.5,3.5,243.9,0,2.8,36,3.2
2011/2,3.2,11.2,7,151,76.5,148.9,2,2.9,52,5.7
2011/3,4,12.3,8.1,74,28,214.8,0,3.2,47,5.3
2011/4,10.3,18.9,14.5,96,54,204,0,3.8,50,5.7
2011/5,15,22.2,18.5,213.5,69.5,146.3,0,3,63,8
2011/6,19.9,26,22.8,116.5,35.5,105.1,0,2.6,71,9
2011/7,24.5,30.9,27.3,54.5,29,186.2,0,3.3,67,7
2011/8,24.6,31.2,27.5,244,88.5,168.9,0,2.6,71,7.6
2011/9,22,28.8,25.1,235,124,165.8,0,3.3,68,7.1
2011/10,16.5,23,19.5,119.5,53.5,141.3,0,2.8,61,7.4
2011/11,11.7,18.3,14.9,112.5,78,143.4,0,2.2,58,6.7
2011/12,4.2,11.1,7.5,59.5,35,187.6,0,2.6,48,4.5
2012/1,1.8,8.3,4.8,50,22.5,183,4,2.7,43,5
2012/2,2.2,9.1,5.4,94,28.5,148.6,2,2.9,49,6.4
2012/3,5.3,12.5,8.8,144.5,37,149.7,0,3.1,59,6.4
2012/4,11,18.5,14.5,118.5,32,162.4,0,3.2,63,6.9
2012/5,16.1,23.6,19.6,231,121.5,195.4,0,3.3,65,7.5
2012/6,18.6,24.8,21.4,185,72.5,125.3,0,3,73,8.9
2012/7,23.5,30.1,26.4,130,41,181.3,0,3.1,75,8.3
2012/8,26.3,33.1,29.1,25,15.5,236,0,3.2,69,6.3
2012/9,23.3,29.8,26.2,214.5,45.5,164.4,0,3,73,8.1
2012/10,16.2,23,19.4,154.5,30,156.6,0,2.8,65,6.8
2012/11,9.6,16.3,12.7,154,60.5,153.3,0,2.7,58,5.8
2012/12,3.8,11.2,7.3,69,40,166.9,0,2.8,52,4.7
2013/1,1.8,9.6,5.5,70,64,212.5,8,2.9,47,3.9
2013/2,2.7,10.3,6.2,30,16,173.7,0,3.3,48,5.6
2013/3,7.9,16.4,12.1,44.5,16.5,190.1,0,3.6,55,6.4
2013/4,10.8,19.2,15.2,283,99.5,196,0,3.9,55,5.9
2013/5,16,24.1,19.8,56,20,227.1,0,3.4,61,6
2013/6,20,26.5,22.9,159,41,123.9,0,2.8,74,8.7
2013/7,24.2,31.4,27.3,115.5,36.5,163.4,0,2.9,73,8.7
2013/8,26,33.2,29.2,99,35.5,210.6,0,3,70,6.9
2013/9,21.8,28.8,25.2,231.5,78,164.2,0,3,69,6.8
2013/10,17,23,19.8,440,176.5,110.4,0,3.1,72,7.9
2013/11,9.8,17.4,13.5,26,14,177.4,0,2.6,55,4.7
2013/12,4.9,12.1,8.3,59.5,26.5,181.8,0,2.5,52,4.3
2014/1,2.5,10.6,6.3,24.5,15.5,204.1,0,2.8,45,4.5
2014/2,2.8,9.8,5.9,157.5,67.5,139.8,49,3.3,52,7
2014/3,6.7,14.5,10.4,113.5,30.5,205,0,3.5,52,5.6
2014/4,11,19.6,15,155,65,218.3,0,3.1,56,5.7
2014/5,16.7,24.7,20.3,135.5,52,236.5,0,3.4,62,6.7
2014/6,20.7,26.9,23.4,311,123.5,143,0,2.6,75,8.4
2014/7,23.9,30.5,26.8,105.5,53,175.6,0,2.8,74,7.6
2014/8,24.8,31.2,27.7,105,45,180.9,0,3.2,74,7.5
2014/9,20.1,26.9,23.2,155.5,81,145.8,0,2.6,68,7.8
2014/10,16,23,19.1,384.5,148.5,135.2,0,2.7,67,7.4
2014/11,11.3,17.4,14.2,98.5,44,134.6,0,2.5,63,6.2
2014/12,2.8,11,6.7,62,21,185.2,0,2.5,55,4.2
2015/1,1.8,10.4,5.8,92.5,35.5,182,3,3.2,52,4.4
2015/2,1.9,10.4,5.7,62,16,166.9,0,2.9,59,5.4
2015/3,5.8,15.5,10.3,94,29,194.2,0,3.1,57,5.9
2015/4,10.1,19.3,14.5,129,36.5,149.5,0,3.1,71,7.9
2015/5,16.6,26.4,21.1,88,58.5,240.6,0,3.2,62,6.9
2015/6,18.6,26.4,22.1,195.5,33,137.3,0,2.7,75,8.9
2015/7,23.2,30.1,26.2,234.5,67.5,181.8,0,3.1,80,7.5
2015/8,23.9,30.5,26.7,103.5,35.5,137.6,0,2.8,78,7.7
2015/9,19.8,26.4,22.6,503.5,156.5,113.3,0,2.5,79,8.3
2015/10,14.8,22.7,18.4,57,22,181.3,0,2.8,66,6.2
2015/11,10.7,17.8,13.9,139.5,38,120.1,0,2.2,74,7.1
2015/12,5.8,13.4,9.3,82.5,64,162,0,2.5,57,5.7
2016/1,1.8,10.6,6.1,85,67,201.5,6,2.4,55,4.4
2016/2,3.1,12.2,7.2,57,40.5,160.1,0,2.9,56,5.8
2016/3,6.1,14.9,10.1,103,37,161.9,0,2.8,61,7
2016/4,11.3,20.3,15.4,120,33,149.2,0,3.3,67,8.2
2016/5,15.7,25.2,20.2,137.5,36.5,204.9,0,3.4,66,7.3
2016/6,19.1,26.3,22.4,174.5,98.5,139.1,0,2.9,75,8.3
2016/7,22.1,29.7,25.4,81.5,28.5,143.7,0,2.7,80,8.2
2016/8,23.9,31.6,27.1,414,106.5,156.5,0,3.1,78,7.8
2016/9,21.9,27.7,24.4,287,91.5,79.4,0,2.4,86,8.9
2016/10,15.3,22.6,18.7,96.5,32.5,119.6,0,2.4,72,7.9
2016/11,8.1,15.5,11.4,139,49,132.1,0,2.5,71,6.7
2016/12,4.5,13.8,8.9,84,37,193.7,0,2.6,59,4.9
2017/1,1.7,10.8,5.8,26,20.5,226.7,0,2.8,53,3.3
2017/2,2.6,12.1,6.9,15.5,8,193.7,0,3.5,49,4.7
2017/3,4.2,13.4,8.5,85.5,25.5,190.3,0,2.8,60,6.6
2017/4,10.2,19.9,14.7,122,46,198.8,0,3.4,66,6.9
2017/5,16,25.1,20,49,27,216.9,0,3,72,7.3
2017/6,18.5,26.4,22,106.5,45.5,158.8,0,3.1,73,8.4
2017/7,24,31.8,27.3,81,35,189.1,0,3.1,78,7.5
2017/8,23.4,30.4,26.4,141.5,43.5,83.7,0,2.6,83,9.2
2017/9,19.5,26.8,22.8,209.5,52,124.4,0,2.7,79,8.4
2017/10,14.2,20.1,16.8,531.5,147.5,94.7,0,2.7,82,8.1
2017/11,7.9,16.6,11.9,47,27,162.7,0,2.4,67,6.1
2017/12,2.7,11.1,6.6,15,10.5,211.1,0,2.5,56,3.9
2018/1,0.6,9.4,4.7,48.5,24,206.1,23,2.6,54,3.9
2018/2,1.3,10.1,5.4,20,9,167.3,1,2.6,56,5.8
2018/3,6.5,16.9,11.5,220,58,198,0,3,65,5.6
2018/4,12.4,22.1,17,109,57,201.8,0,3.5,66,5.9
2018/5,15.4,24.6,19.8,165.5,49,199.3,0,3.3,71,7.3
2018/6,19.1,26.6,22.4,155.5,50,163.1,0,3.2,80,8.1
2018/7,25,32.7,28.3,107,52,227.2,0,3.5,77,7.7
2018/8,24.6,32.5,28.1,86.5,41,217.4,0,3.5,77,7.5
2018/9,19.9,26.6,22.9,365,40.5,96.7,0,3,86,9.1
2018/10,15.8,23,19.1,61.5,18,139,0,2.6,74,7
2018/11,10.6,17.7,14,63,35.5,151,0,2.1,72,6.9
2018/12,4.7,12.1,8.3,44,18,145.3,0,2.6,61,6
2019/1,1.4,10.3,5.6,16,15.5,222.2,0,2.8,51,2.8
2019/2,3.3,11.6,7.2,42,22.5,138,0,2.7,59,6.6
2019/3,6.2,15.4,10.6,117.5,32,177.3,0,3,60,6.4
2019/4,9.2,19,13.6,90.5,29.5,194.4,0,3.3,63,6.7
2019/5,15.3,25.3,20,120.5,82,229.4,0,3.3,65,7.1
2019/6,18.5,25.8,21.8,225,92.5,129.5,0,2.9,81,8.5
2019/7,21.6,27.5,24.1,193,39,81.1,0,2.6,89,9
2019/8,25.2,32.8,28.4,110,20,187.8,0,3.2,80,6.8
2019/9,21.7,29.4,25.1,197,119,137.6,0,2.7,79,8
2019/10,16.4,23.3,19.4,529.5,209.5,112.8,0,2.8,80,7.8
2019/11,9.3,17.7,13.1,156.5,60.5,170.3,0,2.6,69,5.2
2019/12,5.2,12.6,8.5,76.5,36,128.6,0,2.4,66,6.4
2020/1,3.7,11.1,7.1,135,55.5,139.8,0,2.4,65,5.8
2020/2,4,13.3,8.3,15,8.5,196.1,0,2.7,55,5.2
2020/3,6.2,16,10.7,131,51.5,181.9,1,3.1,65,5.9
2020/4,7.9,18.2,12.8,296.5,132,213.4,0,3.2,66,6.2
2020/5,15.6,24,19.5,118,54.5,175.5,0,3.1,75,7.7
2020/6,19.8,27.5,23.2,212.5,50,136.3,0,2.8,82,8.7
2020/7,21.8,27.7,24.3,270.5,40.5,47.7,0,3.1,89,9.7
2020/8,25.3,34.1,29.1,61.5,38,254.7,0,2.8,76,5.8
2020/9,21.5,28.1,24.2,117.5,25.5,105.7,0,2.9,83,8.3
2020/10,14.4,21.4,17.5,205,73.5,113.9,0,2.4,75,7.7
2020/11,10.1,18.6,14,14.5,5,156.6,0,2.5,65,5.8
2020/12,3.7,12.3,7.7,13,8,167.9,0,2.1,61,5
2021/1,1.3,10.3,5.4,43.5,19,172.4,0,2.3,57,5.1
2021/2,3.3,14,8.5,88.5,76.5,214.9,0,2.9,49,3.9
2021/3,8.3,17.9,12.8,173,65,193.2,0,3.2,62,7
2021/4,10.3,20.6,15.1,156,37,218.5,0,3.2,60,5.7
2021/5,15.7,24.1,19.6,99.5,35.5,150.5,0,3.2,73,8.5
2021/6,19.4,27.3,22.7,168.5,53,131.6,0,2.7,77,8.5
2021/7,22.9,30.3,25.9,310,68,160.2,0,2.4,83,7.7
2021/8,24.3,31.6,27.4,382.5,138.5,175.6,0,3.1,80,7.2
2021/9,19.3,26.2,22.3,222.5,124.5,100.7,0,2.4,82,8
2021/10,14.7,22.7,18.2,199.5,113,163,0,2.5,76,6.2
2021/11,9.7,18.6,13.7,93,47.5,206.7,0,2.2,65,4.8
2021/12,4,12.5,7.9,116,54.5,202.5,0,2.4,60,4.2
